epoch,aux_field_loss,aux_opp_boosts_loss,aux_opp_hp_loss,aux_opp_species_loss,aux_opp_stats_loss,aux_opp_statuses_loss,aux_opp_types_loss,aux_own_boosts_loss,aux_own_hp_loss,aux_own_species_loss,aux_own_stats_loss,aux_own_statuses_loss,aux_own_types_loss,loss,meta_plan_loss,policy_accuracy,policy_loss,val_aux_field_loss,val_aux_opp_boosts_loss,val_aux_opp_hp_loss,val_aux_opp_species_loss,val_aux_opp_stats_loss,val_aux_opp_statuses_loss,val_aux_opp_types_loss,val_aux_own_boosts_loss,val_aux_own_hp_loss,val_aux_own_species_loss,val_aux_own_stats_loss,val_aux_own_statuses_loss,val_aux_own_types_loss,val_loss,val_meta_plan_loss,val_policy_accuracy,val_policy_loss,val_value_loss,val_value_mae,value_loss,value_mae
0,0.48707112669944763,0.28919702768325806,0.1425500065088272,5.697009563446045,0.06821071356534958,0.4836913049221039,0.597345769405365,0.2953873872756958,0.15277418494224548,5.674903869628906,0.06739093363285065,0.5428825616836548,0.5638571381568909,15.218522071838379,0.036843691021203995,0.39585253596305847,1.6712872982025146,0.37428757548332214,0.07863660156726837,0.11583445221185684,5.557636260986328,0.028428982943296432,0.40189245343208313,0.48521241545677185,0.08037427067756653,0.12121410667896271,5.5405449867248535,0.030844731256365776,0.4153693616390228,0.4444534480571747,14.362643241882324,0.02509397640824318,0.47613757848739624,1.5871793031692505,0.19695980846881866,0.4131939113140106,0.2283710241317749,0.4249604046344757
1,0.2172010987997055,0.18944288790225983,0.12388955801725388,5.281860828399658,0.020356716588139534,0.2635818123817444,0.36307576298713684,0.18888194859027863,0.1281137317419052,5.265605926513672,0.039338719099760056,0.2801744341850281,0.349664568901062,14.00158405303955,0.021916251629590988,0.43789365887641907,1.595537781715393,0.1817781627178192,0.07281016558408737,0.10687265545129776,5.281067371368408,0.012994320131838322,0.238392174243927,0.3321256935596466,0.07149644941091537,0.11271025240421295,5.263843059539795,0.028228847309947014,0.24530915915966034,0.32118651270866394,13.784741401672363,0.01953177899122238,0.4773934781551361,1.5722436904907227,0.18227583169937134,0.3667491376399994,0.1764824539422989,0.3601078689098358
2,0.11992453038692474,0.1286771446466446,0.11362966895103455,5.100248336791992,0.012957598082721233,0.19558849930763245,0.2934257686138153,0.127890944480896,0.11759363114833832,5.086602687835693,0.034646060317754745,0.20056380331516266,0.28894156217575073,13.570117950439453,0.01875315047800541,0.4500298798084259,1.5752928256988525,0.1069585457444191,0.04525858908891678,0.09890701621770859,5.1682610511779785,0.00958551187068224,0.18738071620464325,0.28445494174957275,0.04392876848578453,0.10410596430301666,5.151130676269531,0.02578318491578102,0.19190047681331635,0.2794290781021118,13.55368423461914,0.018661515787243843,0.48258623480796814,1.5665760040283203,0.17740651965141296,0.3500479459762573,0.15509827435016632,0.3254595696926117
3,0.07941854745149612,0.08899518102407455,0.10450814664363861,4.992663860321045,0.011370863765478134,0.17259404063224792,0.2713511288166046,0.08770869672298431,0.10952706634998322,4.972245693206787,0.03216715157032013,0.17359863221645355,0.2693261206150055,13.325193405151367,0.01819678023457527,0.4553386867046356,1.5639322996139526,0.07371779531240463,0.02902865596115589,0.0923318937420845,5.099782466888428,0.008766734972596169,0.16952118277549744,0.2675229609012604,0.028418248519301414,0.09698397666215897,5.0733232498168945,0.024245567619800568,0.17184942960739136,0.26427656412124634,13.427179336547852,0.018526151776313782,0.4885759949684143,1.5636051893234253,0.1770743429660797,0.33879926800727844,0.13503889739513397,0.291124552488327
4,0.05915553495287895,0.061126720160245895,0.09781452268362045,4.891656398773193,0.011065999045968056,0.1630624681711197,0.2626734673976898,0.060577113181352615,0.10216669738292694,4.854543209075928,0.03034302033483982,0.16239655017852783,0.2614111304283142,13.13029956817627,0.01800592616200447,0.4598384201526642,1.556795597076416,0.05714387819170952,0.0197762418538332,0.0869518369436264,5.035143852233887,0.008530277758836746,0.16151802241802216,0.26002147793769836,0.019423501566052437,0.09124918282032013,4.990321159362793,0.022868311032652855,0.1629674881696701,0.25732848048210144,13.328694343566895,0.018457647413015366,0.4902907907962799,1.562296748161316,0.17978253960609436,0.3324182629585266,0.11731936782598495,0.25879520177841187
5,0.04747455567121506,0.04114743694663048,0.09326155483722687,4.781838893890381,0.011100837960839272,0.1577078104019165,0.2579139173030853,0.04073787480592728,0.09693402796983719,4.715554714202881,0.028626596555113792,0.15688180923461914,0.25588348507881165,12.943989753723145,0.017883196473121643,0.46282580494880676,1.5517430305480957,0.04698844626545906,0.014149583876132965,0.08364478498697281,4.962449073791504,0.0084295142441988,0.1564023494720459,0.2544393837451935,0.013621849939227104,0.08693361282348633,4.889046669006348,0.021575534716248512,0.15764278173446655,0.25109919905662537,13.230779647827148,0.018451903015375137,0.4894213080406189,1.5617715120315552,0.18538439273834229,0.3296383321285248,0.10158032923936844,0.22943806648254395
6,0.03992850333452225,0.026610370725393295,0.09051268547773361,4.65837287902832,0.011136041022837162,0.1542358100414276,0.25308236479759216,0.026508059352636337,0.09306664764881134,4.552754878997803,0.027007831260561943,0.15315347909927368,0.24920567870140076,12.754820823669434,0.01778637245297432,0.46558913588523865,1.5478817224502563,0.039953723549842834,0.010674376972019672,0.08157560229301453,4.876108646392822,0.008394100703299046,0.15220284461975098,0.2483358532190323,0.010067809373140335,0.08398358523845673,4.75713586807251,0.020677654072642326,0.15352365374565125,0.243149533867836,13.119091987609863,0.018362006172537804,0.4922712743282318,1.5619299411773682,0.1928917020559311,0.32885733246803284,0.09025060385465622,0.20699413120746613
7,0.0345090813934803,0.01700962893664837,0.08883470296859741,4.518914222717285,0.011241490021348,0.15131767094135284,0.2468550056219101,0.0169739481061697,0.0906008630990982,4.360287189483643,0.025654196739196777,0.15066340565681458,0.2403348833322525,12.558655738830566,0.01771443523466587,0.4661741554737091,1.545780897140503,0.034396469593048096,0.008607846684753895,0.08050094544887543,4.770101547241211,0.008390618488192558,0.14876574277877808,0.24107246100902557,0.007862069644033909,0.08166729658842087,4.590322017669678,0.019954387098550797,0.15096315741539001,0.23310306668281555,12.9863920211792,0.018357418477535248,0.4920780658721924,1.563040852546692,0.20011582970619202,0.3324125111103058,0.08246920257806778,0.1907239407300949
8,0.03047565557062626,0.01129547692835331,0.08789441734552383,4.363595008850098,0.011223544366657734,0.14904364943504333,0.2392871081829071,0.011138190515339375,0.08892881125211716,4.141369819641113,0.024165287613868713,0.14835995435714722,0.2297152876853943,12.341854095458984,0.017663463950157166,0.4685267210006714,1.54273521900177,0.03029015101492405,0.007373544853180647,0.07959877699613571,4.643742561340332,0.008253589272499084,0.14596685767173767,0.23235264420509338,0.006654988508671522,0.08012206852436066,4.398869037628174,0.019229823723435402,0.14812374114990234,0.22187507152557373,12.82675552368164,0.018339328467845917,0.49326151609420776,1.5635933876037598,0.20502083003520966,0.33453118801116943,0.07776899635791779,0.18097351491451263
9,0.027398906648159027,0.008427980355918407,0.08715146780014038,4.196414470672607,0.011094063520431519,0.14711399376392365,0.23004497587680817,0.008173682726919651,0.08827950060367584,3.909271240234375,0.022698350250720978,0.14624769985675812,0.2178785651922226,12.117817878723145,0.017611727118492126,0.47023823857307434,1.5403203964233398,0.027010468766093254,0.006794122979044914,0.07929528504610062,4.495360851287842,0.008041429333388805,0.1433878391981125,0.22256463766098022,0.006082150619477034,0.07987876981496811,4.189950942993164,0.01850091479718685,0.14562475681304932,0.2092456817626953,12.649304389953613,0.01831631362438202,0.4937204122543335,1.5640318393707275,0.21139279007911682,0.3397566080093384,0.07370380312204361,0.17306938767433167
10,0.02505725435912609,0.0072226314805448055,0.08694614470005035,4.015838623046875,0.010811866261065006,0.14479860663414001,0.22012758255004883,0.0068885707296431065,0.08746771514415741,3.682866334915161,0.021275384351611137,0.14452025294303894,0.20560188591480255,11.89578914642334,0.01755480095744133,0.4710722267627716,1.538493037223816,0.02453193999826908,0.0065308730117976665,0.07925759255886078,4.33650016784668,0.007781720254570246,0.14151358604431152,0.212148979306221,0.005857196170836687,0.07952192425727844,3.974977970123291,0.017891541123390198,0.14392125606536865,0.19709976017475128,12.461125373840332,0.018276091665029526,0.49222296476364136,1.5640233755111694,0.21674595773220062,0.34374916553497314,0.07180076837539673,0.168646901845932
11,0.02327265776693821,0.006782968528568745,0.08620280027389526,3.8347396850585938,0.010407999157905579,0.14293448626995087,0.21011365950107574,0.006402056664228439,0.08719747513532639,3.4586150646209717,0.02001633122563362,0.14270691573619843,0.19428449869155884,11.674395561218262,0.017465980723500252,0.4742712080478668,1.5365742444992065,0.0225340835750103,0.006434999406337738,0.07903967797756195,4.160273551940918,0.007516743149608374,0.1400083601474762,0.20132145285606384,0.0058705732226371765,0.07912369817495346,3.758803606033325,0.017354680225253105,0.1418682336807251,0.18558132648468018,12.265449523925781,0.0183405838906765,0.4921988248825073,1.5647541284561157,0.22000138461589813,0.34576255083084106,0.06946085393428802,0.1637776792049408
12,0.021968666464090347,0.006668195128440857,0.08561883866786957,3.6480798721313477,0.009925436228513718,0.14179186522960663,0.20004624128341675,0.006284238304942846,0.08712368458509445,3.2512359619140625,0.019033340737223625,0.14136098325252533,0.18397065997123718,11.461249351501465,0.01748053915798664,0.476480633020401,1.5346468687057495,0.021133804693818092,0.006392872426658869,0.07894563674926758,3.9909462928771973,0.0071198162622749805,0.13868583738803864,0.19139738380908966,0.005886733531951904,0.08003673702478409,3.563292980194092,0.016970619559288025,0.14065442979335785,0.1751740574836731,12.081151962280273,0.01827053353190422,0.4903874099254608,1.5645807981491089,0.22388610243797302,0.3476317822933197,0.06871645152568817,0.16100230813026428
13,0.021009378135204315,0.006656094454228878,0.08554843068122864,3.4686644077301025,0.009301411919295788,0.13989336788654327,0.19075392186641693,0.006272164173424244,0.08671213686466217,3.064218759536743,0.018216535449028015,0.14038871228694916,0.17512890696525574,11.261821746826172,0.017463484779000282,0.47771912813186646,1.5328474044799805,0.020117277279496193,0.006406890694051981,0.07767187803983688,3.8102829456329346,0.00670992024242878,0.13760751485824585,0.18153585493564606,0.005994213279336691,0.07936833798885345,3.3789970874786377,0.016647377982735634,0.13927613198757172,0.1659739911556244,11.897514343261719,0.01829979196190834,0.4881412386894226,1.5647553205490112,0.2276851087808609,0.35040774941444397,0.06672868877649307,0.1562565565109253
14,0.02026497572660446,0.006641884334385395,0.08465737104415894,3.292024850845337,0.008624848909676075,0.13900263607501984,0.18223318457603455,0.00629664771258831,0.08619341999292374,2.896763801574707,0.01764918491244316,0.13918231427669525,0.16758784651756287,11.074419975280762,0.017443787306547165,0.4812728762626648,1.5309172868728638,0.019334031268954277,0.00639865268021822,0.07805540412664413,3.6446120738983154,0.0062817675061523914,0.13651737570762634,0.17331913113594055,0.006040183827280998,0.07876496016979218,3.218789577484131,0.016396285966038704,0.13855275511741638,0.1585177481174469,11.736794471740723,0.018371788784861565,0.4886725842952728,1.5653799772262573,0.23081742227077484,0.3510500490665436,0.06597782671451569,0.15332995355129242
0,0.11601878702640533,0.09209427237510681,0.11495952308177948,4.970829486846924,0.017454028129577637,0.2105758786201477,0.2899126410484314,0.10747665911912918,0.1183587834239006,4.898774147033691,0.030227776616811752,0.21772165596485138,0.29535385966300964,13.649104118347168,0.019325418397784233,0.42384323477745056,1.6179122924804688,0.03982692211866379,0.007207154296338558,0.08776654303073883,4.848127365112305,0.007621636148542166,0.14636124670505524,0.23585371673107147,0.007224857807159424,0.09768801927566528,4.599181175231934,0.0180039145052433,0.1451217085123062,0.22956204414367676,13.01563835144043,0.003622567281126976,0.4944891929626465,1.5586681365966797,0.19658412039279938,0.37991514801979065,0.17909108102321625,0.36134257912635803
1,0.02514759451150894,0.007096646819263697,0.08930405974388123,3.801750421524048,0.01024325005710125,0.14530813694000244,0.20578022301197052,0.00717316847294569,0.09655777364969254,3.4867653846740723,0.01872112601995468,0.1457240730524063,0.19785219430923462,11.817145347595215,0.0032776689622551203,0.4580605626106262,1.557146430015564,0.02181117981672287,0.0064984760247170925,0.08215373754501343,3.446133852005005,0.007064929697662592,0.13552126288414001,0.16725210845470428,0.006180957425385714,0.08577481657266617,3.1069231033325195,0.01629691757261753,0.13399545848369598,0.15891151130199432,11.550424575805664,0.0030444241128861904,0.49574950337409973,1.5597606897354126,0.22426939010620117,0.3699663579463959,0.10995218902826309,0.24036991596221924
2,0.019654978066682816,0.006700069643557072,0.08677089214324951,2.7038357257843018,0.007872257381677628,0.1397177129983902,0.16138792037963867,0.006519175600260496,0.09063198417425156,2.4975478649139404,0.01700548268854618,0.13880962133407593,0.15897521376609802,10.651962280273438,0.0032395015005022287,0.4731520712375641,1.5438493490219116,0.019407037645578384,0.0065114558674395084,0.08551616966724396,2.6398630142211914,0.005261249840259552,0.13059872388839722,0.1402600109577179,0.006235656328499317,0.08303721994161606,2.387627363204956,0.015703339129686356,0.1300627887248993,0.1371745765209198,10.769619941711426,0.003805293934419751,0.49485987424850464,1.5548759698867798,0.2458537369966507,0.3684166669845581,0.08226907253265381,0.18055057525634766
3,0.018167372792959213,0.006766219157725573,0.08429987728595734,2.202144145965576,0.005890117958188057,0.13492357730865479,0.14783622324466705,0.006560578942298889,0.08652640879154205,2.0841245651245117,0.016609322279691696,0.1334298998117447,0.14671792089939117,10.125188827514648,0.003565707942470908,0.48058953881263733,1.5360987186431885,0.018608519807457924,0.006608191877603531,0.08082006871700287,2.302448034286499,0.004595289472490549,0.1274779736995697,0.13455888628959656,0.006147153675556183,0.07912552356719971,2.1488523483276367,0.015714846551418304,0.1263008415699005,0.13175323605537415,10.508735656738281,0.0037118676118552685,0.48181188106536865,1.5578227043151855,0.2667660117149353,0.37168172001838684,0.06376682966947556,0.1395617127418518
4,0.01746375672519207,0.006766394712030888,0.08237304538488388,1.9849205017089844,0.00508723733946681,0.1308102309703827,0.14322344958782196,0.006593890022486448,0.08387473225593567,1.8925939798355103,0.016455471515655518,0.12946610152721405,0.1420528143644333,9.877772331237793,0.003984062932431698,0.48253244161605835,1.5314297676086426,0.018120942637324333,0.006561209447681904,0.07624489814043045,2.1429646015167236,0.0044565764255821705,0.12323937565088272,0.13130995631217957,0.006257862783968449,0.07668115198612213,2.0032501220703125,0.01555456779897213,0.12182929366827011,0.12825225293636322,10.329497337341309,0.003789676818996668,0.49414321780204773,1.5545297861099243,0.26539990305900574,0.3655177652835846,0.0511491633951664,0.11221187561750412
0,0.475221186876297,0.288685142993927,0.14902418851852417,5.72197961807251,0.10200246423482895,0.42097577452659607,0.5810099244117737,0.3196568191051483,0.14166289567947388,5.735544681549072,0.0530783049762249,0.5876124501228333,0.5613386034965515,15.376836776733398,0.05306145176291466,0.3887620270252228,1.689683437347412,0.3734346330165863,0.08834502100944519,0.12113568931818008,5.575035095214844,0.05995004624128342,0.36449429392814636,0.46029210090637207,0.09533505141735077,0.12033524364233017,5.577628135681152,0.028877440840005875,0.4635726809501648,0.45914605259895325,14.382497787475586,0.038398414850234985,0.47530531883239746,1.5815818309783936,0.1968216598033905,0.4215204417705536,0.24901607632637024,0.44631725549697876
1,0.21019376814365387,0.1782432496547699,0.12453493475914001,5.304961204528809,0.028259240090847015,0.23074635863304138,0.3571251332759857,0.1935846358537674,0.12637823820114136,5.305031776428223,0.03632031008601189,0.29768118262290955,0.34887391328811646,14.065805435180664,0.03411135450005531,0.43590986728668213,1.6005855798721313,0.18158359825611115,0.064752958714962,0.11261389404535294,5.2772393226623535,0.01876772567629814,0.22303253412246704,0.3257901072502136,0.07774471491575241,0.1140875518321991,5.278581619262695,0.027378246188163757,0.26759302616119385,0.32196733355522156,13.781792640686035,0.0327758863568306,0.47873011231422424,1.5688990354537964,0.17886312305927277,0.373426616191864,0.18633635342121124,0.3782244324684143
2,0.11656463891267776,0.11734908074140549,0.11559562385082245,5.123050689697266,0.014102750457823277,0.1803390234708786,0.2932050824165344,0.1343865990638733,0.11717327684164047,5.100985527038574,0.031991735100746155,0.20898130536079407,0.28876593708992004,13.619269371032715,0.031885161995887756,0.44868868589401245,1.5785307884216309,0.10650286078453064,0.039276763796806335,0.10310633480548859,5.155036926269531,0.011130808852612972,0.18413542211055756,0.2793593108654022,0.051109880208969116,0.10687974095344543,5.136506080627441,0.024671129882335663,0.20557209849357605,0.2781006097793579,13.526225090026855,0.032117731869220734,0.4837997257709503,1.562308430671692,0.17291788756847382,0.35516270995140076,0.16619528830051422,0.34505221247673035
3,0.07705238461494446,0.07898016273975372,0.10749048739671707,5.021082401275635,0.011252379976212978,0.16416893899440765,0.27166619896888733,0.09587226063013077,0.10973691195249557,4.975983619689941,0.028924843296408653,0.17758886516094208,0.26972508430480957,13.372844696044922,0.031348686665296555,0.4579383134841919,1.5666251182556152,0.07118590921163559,0.025213677436113358,0.09561051428318024,5.079880237579346,0.0090212132781744,0.17026583850383759,0.26132121682167053,0.033256206661462784,0.0999884307384491,5.039427757263184,0.02258828468620777,0.18053439259529114,0.261408269405365,13.380654335021973,0.031948767602443695,0.4888017773628235,1.5583763122558594,0.17330235242843628,0.34560427069664,0.14768031239509583,0.31407490372657776
4,0.0570615716278553,0.053617190569639206,0.10070735961198807,4.921597957611084,0.010443802922964096,0.15756018459796906,0.2624875009059906,0.06915801763534546,0.10297474265098572,4.852043628692627,0.026682475581765175,0.1639353334903717,0.2615516781806946,13.176103591918945,0.031125156208872795,0.46215370297431946,1.559443473815918,0.05413159728050232,0.017515461891889572,0.09015090018510818,5.014403820037842,0.008405599743127823,0.16547486186027527,0.2534996569156647,0.023072494193911552,0.09302341938018799,4.9413557052612305,0.02106507681310177,0.17008577287197113,0.25355449318885803,13.272415161132812,0.03182962164282799,0.48751747608184814,1.5566869974136353,0.1766839176416397,0.33869436383247375,0.13001307845115662,0.28288787603378296
5,0.045481570065021515,0.03599996864795685,0.09534009546041489,4.8095855712890625,0.010351461358368397,0.1543235331773758,0.25722089409828186,0.04927936941385269,0.0968630239367485,4.702911853790283,0.024893172085285187,0.15705907344818115,0.2555566132068634,12.983707427978516,0.031056465581059456,0.4619807302951813,1.5546621084213257,0.042925916612148285,0.012596015818417072,0.08622086048126221,4.9298996925354,0.008232668042182922,0.16126859188079834,0.24728962779045105,0.016701387241482735,0.08694320172071457,4.810214996337891,0.019800351932644844,0.16262821853160858,0.24609923362731934,13.150896072387695,0.03191836550831795,0.4920012652873993,1.555924415588379,0.18277589976787567,0.335688054561615,0.11335686594247818,0.2517835199832916
6,0.03789205476641655,0.023380989208817482,0.09224491566419601,4.674264907836914,0.010477893985807896,0.1515914499759674,0.252034455537796,0.033928193151950836,0.09227024763822556,4.511743545532227,0.02349712885916233,0.15289461612701416,0.24824373424053192,12.77816104888916,0.030991265550255775,0.46510621905326843,1.5518885850906372,0.03594152629375458,0.009481907822191715,0.08416161686182022,4.826570510864258,0.00831292662769556,0.1577676236629486,0.2408229112625122,0.012247136794030666,0.08270662277936935,4.635641098022461,0.018915005028247833,0.1582769751548767,0.2367730438709259,13.007744789123535,0.03195010498166084,0.4896129071712494,1.5559124946594238,0.1903558224439621,0.3363136649131775,0.10072553157806396,0.2271410971879959
7,0.03273557871580124,0.014916048385202885,0.09021881967782974,4.510846138000488,0.010669151321053505,0.1495959609746933,0.2452726811170578,0.022345034405589104,0.08957570046186447,4.281904697418213,0.02220793068408966,0.15023520588874817,0.23841150104999542,12.548661231994629,0.030918555334210396,0.462989866733551,1.5494647026062012,0.031298618763685226,0.00756804458796978,0.08156867325305939,4.689410209655762,0.00844571366906166,0.15447163581848145,0.2330714911222458,0.009269624948501587,0.07984228432178497,4.425728797912598,0.01821916736662388,0.15484638512134552,0.22539199888706207,12.832551956176758,0.0318877287209034,0.48740479350090027,1.5566493272781372,0.19563695788383484,0.3365110158920288,0.09234768897294998,0.2105497121810913
8,0.02910018526017666,0.010027238167822361,0.08880238980054855,4.321527481079102,0.010824315249919891,0.14718100428581238,0.23613573610782623,0.014331292361021042,0.0877244770526886,4.032042503356934,0.02088424377143383,0.14737391471862793,0.22613173723220825,12.303704261779785,0.03085298277437687,0.4642123878002167,1.5477715730667114,0.02777724526822567,0.006604733411222696,0.08006634563207626,4.5225300788879395,0.0084523381665349,0.15102826058864594,0.22291983664035797,0.007413526996970177,0.07873919606208801,4.199881553649902,0.017601730301976204,0.1514892429113388,0.21190690994262695,12.63198184967041,0.03188754990696907,0.48850885033607483,1.556341290473938,0.20242908596992493,0.34067851305007935,0.08652070164680481,0.1993558704853058
9,0.026540005579590797,0.007770027033984661,0.08791518956422806,4.112022876739502,0.010761204175651073,0.14488984644412994,0.22445273399353027,0.009734699502587318,0.08677243441343307,3.786174774169922,0.019774673506617546,0.1451597511768341,0.21242685616016388,12.048373222351074,0.03075091727077961,0.4677473306655884,1.544936180114746,0.025069942697882652,0.006219478789716959,0.0790737122297287,4.333729267120361,0.008312620222568512,0.14804552495479584,0.2108156830072403,0.006486374419182539,0.07796812802553177,3.974087953567505,0.017125925049185753,0.14860881865024567,0.19786715507507324,12.421502113342285,0.03173808380961418,0.48981568217277527,1.5568077564239502,0.20578987896442413,0.3417346477508545,0.08256874233484268,0.19126088917255402
10,0.02453199028968811,0.006934258621186018,0.08728770166635513,3.898756980895996,0.01051350962370634,0.14228428900241852,0.2115812450647354,0.007557515520602465,0.08595437556505203,3.5487558841705322,0.018789196386933327,0.14302721619606018,0.19851434230804443,11.799860954284668,0.0306474007666111,0.47008857131004333,1.5425881147384644,0.02309071458876133,0.006098191253840923,0.07815280556678772,4.141570568084717,0.00797832477837801,0.1454293429851532,0.1983695924282074,0.006137492600828409,0.07758962363004684,3.7600655555725098,0.01680750399827957,0.1459837108850479,0.1843450367450714,12.213502883911133,0.031740035861730576,0.4903789758682251,1.5565365552902222,0.21027809381484985,0.3454608619213104,0.0799526572227478,0.18555133044719696
11,0.023057948797941208,0.006703340448439121,0.0863780826330185,3.6844234466552734,0.010122334584593773,0.13999640941619873,0.19901034235954285,0.00673798518255353,0.08601221442222595,3.3275437355041504,0.0180479995906353,0.14111584424972534,0.18568618595600128,11.557182312011719,0.030580999329686165,0.4739406704902649,1.539726734161377,0.02123335748910904,0.006106332875788212,0.07849159836769104,3.9392881393432617,0.007605423219501972,0.14337174594402313,0.1856205016374588,0.006019565276801586,0.07741305977106094,3.552579641342163,0.01660103350877762,0.1436886042356491,0.17198598384857178,12.005929946899414,0.03153878450393677,0.49085214734077454,1.5562944412231445,0.21565090119838715,0.3484114110469818,0.0768684446811676,0.1791541427373886
12,0.02199317142367363,0.006670716218650341,0.08555623143911362,3.4790523052215576,0.00957073736935854,0.13797053694725037,0.18723390996456146,0.006525119766592979,0.08559956401586533,3.130683422088623,0.017447825521230698,0.1398817002773285,0.1750725507736206,11.33508014678955,0.030548827722668648,0.4765471816062927,1.5373252630233765,0.02005169726908207,0.006136234849691391,0.07770369946956635,3.738281011581421,0.007166281808167696,0.14147169888019562,0.1738722026348114,0.006038546562194824,0.07666540145874023,3.352372169494629,0.016316339373588562,0.14185746014118195,0.16108207404613495,11.80200481414795,0.03156132623553276,0.4927448034286499,1.5562001466751099,0.21958300471305847,0.34941527247428894,0.0744757279753685,0.17357805371284485
13,0.02118793874979019,0.006669897586107254,0.0853579118847847,3.2913153171539307,0.00898860115557909,0.13619211316108704,0.17736101150512695,0.006474693305790424,0.0852288156747818,2.954197406768799,0.017043674364686012,0.13838468492031097,0.16653957962989807,11.137162208557129,0.03048267960548401,0.47730836272239685,1.5356701612472534,0.019273264333605766,0.006199642550200224,0.0774698331952095,3.5643105506896973,0.006740243174135685,0.1407545953989029,0.16440598666667938,0.006011198274791241,0.07688132673501968,3.2028310298919678,0.016273071989417076,0.14076267182826996,0.15378545224666595,11.64204216003418,0.03141801804304123,0.49233922362327576,1.5563597679138184,0.22479404509067535,0.35342809557914734,0.0722908228635788,0.1676916778087616
14,0.02051316574215889,0.0066765001974999905,0.08460161089897156,3.1170387268066406,0.008387493900954723,0.13493852317333221,0.16890095174312592,0.006485308054834604,0.08466614037752151,2.7965290546417236,0.016722310334444046,0.13687172532081604,0.1596122682094574,10.953572273254395,0.030459631234407425,0.4806126356124878,1.5334856510162354,0.01857246831059456,0.006193975917994976,0.07755573093891144,3.397481918334961,0.006299799308180809,0.14015835523605347,0.15649262070655823,0.006035781931132078,0.07657679915428162,3.0559475421905518,0.01616683416068554,0.1392321139574051,0.14772647619247437,11.487576484680176,0.03145682066679001,0.4897706210613251,1.556643009185791,0.2295352667570114,0.3561481237411499,0.0704951137304306,0.16287997364997864
15,0.019997775554656982,0.006674920208752155,0.0841706320643425,2.9620044231414795,0.007768983021378517,0.13437950611114502,0.1622195839881897,0.006491077598184347,0.08471210300922394,2.664584159851074,0.016566846519708633,0.13563184440135956,0.15461988747119904,10.794703483581543,0.03049388714134693,0.4842917323112488,1.5316483974456787,0.017949452623724937,0.00617586076259613,0.07667392492294312,3.238311290740967,0.005943287163972855,0.1391051858663559,0.1496838629245758,0.0060869017615914345,0.0763394758105278,2.90254545211792,0.016055045649409294,0.13841909170150757,0.1421092003583908,11.328721046447754,0.03141596540808678,0.49224910140037537,1.5557255744934082,0.23538991808891296,0.3586459457874298,0.0676051676273346,0.15624657273292542
16,0.01961793191730976,0.006687815301120281,0.08341369777917862,2.8238320350646973,0.007167111616581678,0.13326764106750488,0.15677258372306824,0.00651067029684782,0.08414561301469803,2.542325258255005,0.01643017865717411,0.13482998311519623,0.15068385004997253,10.647942543029785,0.030474530532956123,0.4861139953136444,1.5294817686080933,0.017469268292188644,0.006199309602379799,0.07641612738370895,3.1073496341705322,0.005594871938228607,0.13858091831207275,0.14485152065753937,0.006066713482141495,0.07613556832075119,2.7947804927825928,0.016080733388662338,0.13769148290157318,0.1390051543712616,11.213176727294922,0.03164971247315407,0.4880807399749756,1.5563102960586548,0.23852676153182983,0.3580244779586792,0.0652337372303009,0.15045803785324097
17,0.019297974184155464,0.006685246713459492,0.08327937871217728,2.701589345932007,0.006611660588532686,0.13238508999347687,0.15256527066230774,0.006523184012621641,0.0834842249751091,2.438615560531616,0.01631963811814785,0.13362376391887665,0.14774803817272186,10.522512435913086,0.0305112823843956,0.48859941959381104,1.528063416481018,0.01715073361992836,0.006212880834937096,0.07521842420101166,2.9788384437561035,0.005348356440663338,0.13819660246372223,0.1407201886177063,0.006066044792532921,0.0753907561302185,2.684870481491089,0.016021277755498886,0.13646189868450165,0.13587673008441925,11.096403121948242,0.031635530292987823,0.49150556325912476,1.5564377307891846,0.24335911870002747,0.36088404059410095,0.06250275671482086,0.14414867758750916
18,0.01903241127729416,0.006676987279206514,0.08244990557432175,2.591543436050415,0.006146279629319906,0.13162802159786224,0.1491028070449829,0.0065418570302426815,0.08303070068359375,2.346984624862671,0.016253849491477013,0.13263410329818726,0.14526082575321198,10.41065788269043,0.03048037178814411,0.4911021292209625,1.5266493558883667,0.016962401568889618,0.006189016625285149,0.0749463438987732,2.8734023571014404,0.005172752309590578,0.13777966797351837,0.13773304224014282,0.006100837606936693,0.07559305429458618,2.601820945739746,0.016007568687200546,0.13599057495594025,0.13412608206272125,11.013341903686523,0.03211764618754387,0.49082961678504944,1.5581128597259521,0.24724997580051422,0.3632741868495941,0.06108652055263519,0.13980956375598907
19,0.01884322240948677,0.00667776120826602,0.0819644033908844,2.4943926334381104,0.005732504650950432,0.1311558187007904,0.1464642882347107,0.006540569476783276,0.0829254537820816,2.265784740447998,0.01620357111096382,0.1316269040107727,0.1434071809053421,10.310752868652344,0.03048795461654663,0.4918517768383026,1.525320291519165,0.016691556200385094,0.006172253284603357,0.07444485276937485,2.7752089500427246,0.005026527680456638,0.13698633015155792,0.13541775941848755,0.00611258577555418,0.07453641295433044,2.5099942684173584,0.01599382422864437,0.1353621482849121,0.13216491043567657,10.911620140075684,0.03152117878198624,0.49076202511787415,1.5569440126419067,0.24882720410823822,0.3617652356624603,0.05876484513282776,0.13416577875614166
20,0.018669122830033302,0.006676136516034603,0.08166509866714478,2.4111082553863525,0.005435863509774208,0.1301843374967575,0.14424146711826324,0.006543485913425684,0.08256614953279495,2.1958184242248535,0.016204003244638443,0.1311940848827362,0.1419931799173355,10.2236967086792,0.03056388348340988,0.49195557832717896,1.5240062475204468,0.01652408577501774,0.006216664798557758,0.07400869578123093,2.6866509914398193,0.004911931697279215,0.13645285367965698,0.13360123336315155,0.006116109434515238,0.07492120563983917,2.447434425354004,0.015994973480701447,0.1345701515674591,0.13112372159957886,10.841870307922363,0.03152913600206375,0.4910323917865753,1.5574696063995361,0.2530432641506195,0.3627465069293976,0.05644254386425018,0.12888239324092865
21,0.018534144386649132,0.006678774952888489,0.08123517036437988,2.329035758972168,0.005217168014496565,0.1294282078742981,0.1422143280506134,0.006550515536218882,0.08201854676008224,2.1365621089935303,0.01616509258747101,0.1300395429134369,0.14089423418045044,10.144207954406738,0.030540211126208305,0.49554240703582764,1.5231077671051025,0.016305580735206604,0.006192489992827177,0.07405326515436172,2.6108334064483643,0.004850582219660282,0.13598114252090454,0.13205131888389587,0.006091405637562275,0.07514041662216187,2.373818874359131,0.01599799282848835,0.13418343663215637,0.12942060828208923,10.766280174255371,0.03184913098812103,0.4917759597301483,1.5568678379058838,0.2558618187904358,0.36322569847106934,0.05387825518846512,0.12304449081420898
22,0.018425296992063522,0.006693998817354441,0.08115968853235245,2.2683000564575195,0.005054382141679525,0.1285223811864853,0.14111289381980896,0.006560932844877243,0.08142998814582825,2.0802576541900635,0.01614406891167164,0.12940917909145355,0.13969430327415466,10.077244758605957,0.030636347830295563,0.4956750273704529,1.522141456604004,0.016239168122410774,0.006216265261173248,0.07329319417476654,2.5446159839630127,0.004833571147173643,0.13467369973659515,0.1309705525636673,0.006064726039767265,0.07457974553108215,2.3244595527648926,0.016000164672732353,0.13388492166996002,0.12893424928188324,10.713974952697754,0.03170681744813919,0.492542028427124,1.5573740005493164,0.26035669445991516,0.3654390275478363,0.05152574181556702,0.11783651262521744
23,0.018321366980671883,0.006679218728095293,0.08089420944452286,2.2060976028442383,0.004954291041940451,0.1281256526708603,0.1397874504327774,0.006561456713825464,0.08136406540870667,2.027433156967163,0.01608411781489849,0.12868008017539978,0.1387488692998886,10.011225700378418,0.030574072152376175,0.49790096282958984,1.5209883451461792,0.016139943152666092,0.006271115504205227,0.07351673394441605,2.497507333755493,0.0048031071200966835,0.13465985655784607,0.13027323782444,0.006192289758473635,0.07460121065378189,2.2880070209503174,0.01600700616836548,0.13345284759998322,0.1284019947052002,10.684410095214844,0.03211287036538124,0.4905141592025757,1.5593624114990234,0.26267513632774353,0.366109162569046,0.049824148416519165,0.11360739916563034
24,0.018227355554699898,0.006688662339001894,0.08018684387207031,2.1508212089538574,0.00486484169960022,0.12730008363723755,0.13888661563396454,0.006571819074451923,0.08072022348642349,1.9849754571914673,0.016049209982156754,0.1277899444103241,0.1379939615726471,9.95417308807373,0.030659029260277748,0.49841418862342834,1.5199131965637207,0.01597200520336628,0.006282229907810688,0.07301485538482666,2.4333503246307373,0.004785128403455019,0.13351692259311676,0.1291579008102417,0.006110202055424452,0.07431427389383316,2.2281367778778076,0.01593996211886406,0.13239465653896332,0.12730024755001068,10.607308387756348,0.03145464509725571,0.4937587380409241,1.5565968751907349,0.2633068263530731,0.36382439732551575,0.048542570322752,0.11016814410686493
25,0.018132783472537994,0.006690414156764746,0.07996919751167297,2.102187395095825,0.0048156557604670525,0.12664656341075897,0.13775517046451569,0.0065694814547896385,0.08040214329957962,1.9466708898544312,0.016042131930589676,0.12699158489704132,0.13732542097568512,9.902822494506836,0.030565578490495682,0.4989100992679596,1.5188782215118408,0.015953073278069496,0.006272252649068832,0.07409827411174774,2.3989005088806152,0.004732143599539995,0.13311953842639923,0.12882626056671143,0.006140276789665222,0.07474493980407715,2.198763847351074,0.015949150547385216,0.1320217251777649,0.1270177662372589,10.585394859313965,0.03171883895993233,0.4926546812057495,1.5575344562530518,0.2680889964103699,0.36589255928993225,0.04697459563612938,0.10620800405740738
26,0.018067102879285812,0.0066999588161706924,0.07981173694133759,2.0602803230285645,0.0047825961373746395,0.12550881505012512,0.1371474415063858,0.006575056817382574,0.08024339377880096,1.9108413457870483,0.01600661501288414,0.12625759840011597,0.13655629754066467,9.857141494750977,0.030592825263738632,0.5005939602851868,1.518103003501892,0.01591484248638153,0.00627199886366725,0.07281705737113953,2.35326886177063,0.004750523716211319,0.13198839128017426,0.12824755907058716,0.006128803826868534,0.07366727292537689,2.1686859130859375,0.01593787595629692,0.1315031498670578,0.1267843246459961,10.55692195892334,0.031785279512405396,0.48931998014450073,1.559183955192566,0.27103564143180847,0.3681063652038574,0.04504256695508957,0.10158488154411316
27,0.01801413670182228,0.006697006057947874,0.07905424386262894,2.0194640159606934,0.0047562276013195515,0.12503322958946228,0.13638190925121307,0.006586004048585892,0.07959152013063431,1.8782668113708496,0.015976060181856155,0.1260290890932083,0.1361246556043625,9.813936233520508,0.03057275526225567,0.5014185905456543,1.5172595977783203,0.01587204821407795,0.006285142153501511,0.07337391376495361,2.322383403778076,0.0047253193333745,0.1316889077425003,0.12806344032287598,0.006121148820966482,0.0744038075208664,2.145533323287964,0.01594632863998413,0.1314416527748108,0.12657392024993896,10.529532432556152,0.03168907016515732,0.488914430141449,1.5587825775146484,0.27226999402046204,0.3674022853374481,0.04393642023205757,0.09875020384788513
28,0.017935199663043022,0.006702485494315624,0.07930456101894379,1.9899771213531494,0.004755364265292883,0.1244293749332428,0.13602489233016968,0.006585859693586826,0.07942642271518707,1.852163314819336,0.015973037108778954,0.12512128055095673,0.13561981916427612,9.778730392456055,0.030641691759228706,0.5022777915000916,1.516221523284912,0.015823969617486,0.006259169429540634,0.07310350239276886,2.2946853637695312,0.004699022974818945,0.13089460134506226,0.12798617780208588,0.006150363944470882,0.07418935000896454,2.1215455532073975,0.015991177409887314,0.1309013068675995,0.12611430883407593,10.502945899963379,0.03156129643321037,0.4886890947818756,1.5585306882858276,0.2736089825630188,0.36847376823425293,0.04228633642196655,0.09529051929712296
29,0.01791921630501747,0.006695035379379988,0.07868943363428116,1.9539991617202759,0.004733990412205458,0.1240529716014862,0.13548851013183594,0.0065885079093277454,0.0793672576546669,1.8239115476608276,0.015936758369207382,0.12429692596197128,0.1353905349969864,9.740459442138672,0.03054681606590748,0.5043307542800903,1.515529990196228,0.01573355309665203,0.00630519213154912,0.07247360050678253,2.260174512863159,0.004662847146391869,0.12991300225257874,0.12752361595630646,0.006171455141156912,0.07370318472385406,2.0962777137756348,0.015969708561897278,0.13019925355911255,0.12592630088329315,10.471786499023438,0.03190409392118454,0.49411922693252563,1.5581765174865723,0.2751450538635254,0.36713382601737976,0.04049651697278023,0.0917995423078537
30,0.017870085313916206,0.006701933220028877,0.07863819599151611,1.9261962175369263,0.004711449146270752,0.12325921654701233,0.13499324023723602,0.006588541902601719,0.07896628230810165,1.8027762174606323,0.015934597700834274,0.12394512444734573,0.13493111729621887,9.711219787597656,0.030614130198955536,0.5020413994789124,1.5149710178375244,0.01572038047015667,0.006317872554063797,0.07290977239608765,2.2390329837799072,0.004705266561359167,0.1298750787973404,0.12726184725761414,0.0062267230823636055,0.07398580014705658,2.0807433128356934,0.015975739806890488,0.13012869656085968,0.12590017914772034,10.455473899841309,0.031420912593603134,0.49315038323402405,1.5583397150039673,0.2763064205646515,0.3669113516807556,0.03926227614283562,0.08860578387975693
31,0.017814256250858307,0.006697937846183777,0.07820089906454086,1.903051495552063,0.00469972612336278,0.12293756008148193,0.1346789300441742,0.0066026668064296246,0.07875800132751465,1.7757139205932617,0.01590832509100437,0.12355659902095795,0.1344750076532364,9.679475784301758,0.030611293390393257,0.5044633746147156,1.513898253440857,0.015768419951200485,0.006308401934802532,0.07284717261791229,2.22816801071167,0.004677696153521538,0.12915275990962982,0.12735603749752045,0.006137087009847164,0.07435531169176102,2.066331148147583,0.01594594679772854,0.12947413325309753,0.12610532343387604,10.451986312866211,0.031997449696063995,0.48686403036117554,1.5598801374435425,0.2776852250099182,0.3677428960800171,0.03869613632559776,0.08694849908351898
32,0.017812097445130348,0.006697909906506538,0.07798679918050766,1.8746284246444702,0.00469701923429966,0.12235470116138458,0.13423575460910797,0.006589939352124929,0.07876505702733994,1.754696011543274,0.015868108719587326,0.12280961871147156,0.1339660882949829,9.64822769165039,0.030550407245755196,0.5044518113136292,1.5130319595336914,0.01569236069917679,0.006276209373027086,0.07244192808866501,2.20464825630188,0.0046921176835894585,0.12870311737060547,0.12727738916873932,0.006185300648212433,0.07387442141771317,2.045881986618042,0.015944987535476685,0.12901464104652405,0.1256287842988968,10.42491340637207,0.03200710564851761,0.4918435513973236,1.5582566261291504,0.2815503180027008,0.37019696831703186,0.0372290201485157,0.08383262902498245
33,0.01773747242987156,0.006702817045152187,0.07787206023931503,1.8592028617858887,0.00468303170055151,0.12194381654262543,0.13434278964996338,0.006614482495933771,0.07830636948347092,1.7350529432296753,0.015834642574191093,0.12226717919111252,0.13393913209438324,9.625696182250977,0.03059859201312065,0.5057147145271301,1.5123814344406128,0.015652863308787346,0.006311149802058935,0.07294944673776627,2.1923625469207764,0.004670955706387758,0.12793877720832825,0.12720388174057007,0.006216178182512522,0.07328630983829498,2.031451463699341,0.015952007845044136,0.12878556549549103,0.12577997148036957,10.413941383361816,0.03179631754755974,0.4896804988384247,1.5586506128311157,0.2823866307735443,0.37020647525787354,0.03603791072964668,0.08130611479282379
34,0.017706256359815598,0.006706050597131252,0.07746949046850204,1.8314259052276611,0.004662514664232731,0.1214112862944603,0.13362286984920502,0.006611224729567766,0.07776061445474625,1.7180036306381226,0.015857605263590813,0.12210254371166229,0.13398072123527527,9.597902297973633,0.030546706169843674,0.505328357219696,1.5116733312606812,0.01567552052438259,0.006301960442215204,0.07241219282150269,2.1823694705963135,0.004671658854931593,0.12765058875083923,0.1276722103357315,0.006167289335280657,0.07350621372461319,2.023817300796509,0.015965640544891357,0.12853877246379852,0.12601181864738464,10.416604995727539,0.03162216395139694,0.48742732405662537,1.5604428052902222,0.28517937660217285,0.37193793058395386,0.03504922240972519,0.07907997816801071
35,0.01765015907585621,0.006708613596856594,0.0771731361746788,1.8119903802871704,0.004649495240300894,0.12086687982082367,0.13349878787994385,0.006610797252506018,0.07751407474279404,1.6942481994628906,0.01582254283130169,0.12131050229072571,0.13326166570186615,9.571564674377441,0.030616706237196922,0.504941999912262,1.5110516548156738,0.01565958745777607,0.006342420820146799,0.07240711897611618,2.1660890579223633,0.004656033590435982,0.1270540952682495,0.12736478447914124,0.006134274415671825,0.07347481697797775,2.0145199298858643,0.01593554951250553,0.12795497477054596,0.1260010451078415,10.397342681884766,0.03202991560101509,0.4888918995857239,1.5588715076446533,0.2868034541606903,0.3735942840576172,0.03424273431301117,0.07715148478746414
36,0.017670635133981705,0.006710859946906567,0.07695221900939941,1.7933063507080078,0.004644362721592188,0.1201358363032341,0.13338808715343475,0.006602638866752386,0.0775599330663681,1.683887243270874,0.015810389071702957,0.12125623226165771,0.1331988275051117,9.552528381347656,0.030530257150530815,0.5078195333480835,1.5103874206542969,0.015664948150515556,0.006284781266003847,0.0723208338022232,2.154977560043335,0.004665294662117958,0.12678088247776031,0.127646803855896,0.006192846689373255,0.07337977737188339,2.0036139488220215,0.015940822660923004,0.1275307685136795,0.12595458328723907,10.396244049072266,0.03164716809988022,0.4813663065433502,1.5605854988098145,0.28858351707458496,0.37376752495765686,0.03344805911183357,0.07528520375490189
37,0.017629966139793396,0.006712431088089943,0.07694046199321747,1.7699347734451294,0.004631948657333851,0.12002427875995636,0.13287341594696045,0.006618232931941748,0.07725294679403305,1.6675812005996704,0.015806743875145912,0.1207188218832016,0.13311704993247986,9.53034782409668,0.030591266229748726,0.507058322429657,1.5100665092468262,0.01564537174999714,0.0063642412424087524,0.07267864048480988,2.1490554809570312,0.004696942400187254,0.1262921839952469,0.1279381960630417,0.006214480847120285,0.07319325953722,2.0004308223724365,0.01600385271012783,0.1272841840982437,0.12619450688362122,10.392694473266602,0.03202156722545624,0.4830336570739746,1.5607380867004395,0.2886277437210083,0.3729821741580963,0.03316134586930275,0.07413145899772644
38,0.01762467250227928,0.006708947475999594,0.0765036791563034,1.762790322303772,0.004617725498974323,0.11969725787639618,0.13339194655418396,0.0066171553917229176,0.07678601145744324,1.65444815158844,0.01578403450548649,0.12042048573493958,0.13311271369457245,9.514065742492676,0.030640898272395134,0.5091170072555542,1.5091314315795898,0.015621271915733814,0.006307144183665514,0.0723615288734436,2.137155771255493,0.004658324643969536,0.12610113620758057,0.12780609726905823,0.006211347412317991,0.07331828773021698,1.9915204048156738,0.01599222421646118,0.12736494839191437,0.12622712552547455,10.382549285888672,0.03206786885857582,0.48285341262817383,1.56084144115448,0.2885274291038513,0.37215811014175415,0.032213807106018066,0.07234847545623779
39,0.01761377789080143,0.00670534698292613,0.07639458030462265,1.7482355833053589,0.004602708388119936,0.11906226724386215,0.13283562660217285,0.006607563700526953,0.07696914672851562,1.63629949092865,0.015793094411492348,0.11990527808666229,0.13253995776176453,9.493599891662598,0.03053847886621952,0.5072486400604248,1.5086328983306885,0.015612933784723282,0.006338758394122124,0.07192917168140411,2.1321754455566406,0.004673514049500227,0.12562182545661926,0.12800942361354828,0.006193321198225021,0.0728832334280014,1.9904588460922241,0.015971405431628227,0.12680505216121674,0.12636442482471466,10.374552726745605,0.0316147580742836,0.48603036999702454,1.5602474212646484,0.2874237298965454,0.3698405921459198,0.031184950843453407,0.06996076554059982
40,0.017568230628967285,0.006697047967463732,0.0763847753405571,1.7365955114364624,0.0046047368086874485,0.118700310587883,0.13304093480110168,0.006628850474953651,0.07675618678331375,1.6232067346572876,0.01578041911125183,0.11957114934921265,0.13247795403003693,9.476212501525879,0.030571339651942253,0.5083615779876709,1.5077881813049316,0.015639476478099823,0.0063115861266851425,0.07213109731674194,2.129572629928589,0.004672338720411062,0.12583033740520477,0.12843364477157593,0.00622815266251564,0.0730423703789711,1.978155255317688,0.0159683208912611,0.12662166357040405,0.12646740674972534,10.37171745300293,0.031687866896390915,0.4905141592025757,1.560057282447815,0.29265809059143066,0.37467601895332336,0.030678730458021164,0.06868097931146622
41,0.017551066353917122,0.006701721344143152,0.07615002244710922,1.7194702625274658,0.004580729175359011,0.11829916387796402,0.13272599875926971,0.006616869010031223,0.07678361237049103,1.6085385084152222,0.015742281451821327,0.11923646181821823,0.1320258527994156,9.457199096679688,0.030648376792669296,0.5084654092788696,1.5074462890625,0.01565137319266796,0.006296166684478521,0.07220771908760071,2.122873067855835,0.0046313451603055,0.12536735832691193,0.12855646014213562,0.006244446616619825,0.07324699312448502,1.9762120246887207,0.01597878523170948,0.12655311822891235,0.12635639309883118,10.3687162399292,0.031781863421201706,0.486503541469574,1.5606515407562256,0.29097944498062134,0.37162545323371887,0.02971966564655304,0.06678216904401779
42,0.017547819763422012,0.006703383754938841,0.07571418583393097,1.7052375078201294,0.00457924185320735,0.117885060608387,0.13254234194755554,0.0066162473522126675,0.0763990506529808,1.593738317489624,0.015723830088973045,0.11895399540662766,0.1316816806793213,9.439634323120117,0.03057619370520115,0.5094975829124451,1.507022500038147,0.01565895602107048,0.006333725061267614,0.07207721471786499,2.1183831691741943,0.0046385726891458035,0.1253672093153,0.12869097292423248,0.006258369889110327,0.07300316542387009,1.9792035818099976,0.015972888097167015,0.1264062374830246,0.12682287395000458,10.375802993774414,0.032293353229761124,0.48044252395629883,1.561737298965454,0.2932288646697998,0.3742147386074066,0.02955593913793564,0.06613949686288834
43,0.017498144879937172,0.006705373525619507,0.07586077600717545,1.6891595125198364,0.004566610790789127,0.11764898896217346,0.13252051174640656,0.006626063026487827,0.07589355111122131,1.5835922956466675,0.015699900686740875,0.11865225434303284,0.13188494741916656,9.424383163452148,0.030582254752516747,0.5089151859283447,1.506778359413147,0.01566382683813572,0.0063478765077888966,0.07203496247529984,2.1142380237579346,0.004657769575715065,0.12481777369976044,0.12911128997802734,0.006266393698751926,0.0728355273604393,1.9754701852798462,0.015993956476449966,0.12610267102718353,0.12711670994758606,10.373377799987793,0.031642522662878036,0.48118606209754944,1.5619086027145386,0.2944165766239166,0.375713050365448,0.02895767241716385,0.0649145171046257
44,0.01754911057651043,0.00670850183814764,0.07560884952545166,1.6768490076065063,0.004558037966489792,0.1175304651260376,0.13236147165298462,0.006621790584176779,0.07608438283205032,1.5746006965637207,0.015724675729870796,0.11833307147026062,0.1318650096654892,9.411050796508789,0.030629796907305717,0.5123290419578552,1.5063093900680542,0.015603902749717236,0.006362285930663347,0.07163455337285995,2.1094412803649902,0.004669966641813517,0.12419530749320984,0.12905669212341309,0.0062555973418056965,0.07295551151037216,1.9628177881240845,0.015955045819282532,0.12562401592731476,0.12640447914600372,10.357519149780273,0.031578198075294495,0.48499390482902527,1.5605231523513794,0.29488080739974976,0.37401115894317627,0.028781795874238014,0.06429357081651688
45,0.01752171479165554,0.00671160826459527,0.07559240609407425,1.6682872772216797,0.004556027241051197,0.117136649787426,0.13234348595142365,0.006613226141780615,0.07582191377878189,1.5616812705993652,0.015686390921473503,0.11820688098669052,0.1314232051372528,9.393317222595215,0.030561789870262146,0.5109450221061707,1.5051833391189575,0.015646805986762047,0.006464424543082714,0.0719304159283638,2.1135737895965576,0.00463184854015708,0.12428930401802063,0.1296422928571701,0.00628107413649559,0.07307130098342896,1.9649046659469604,0.01598178595304489,0.12571297585964203,0.12724895775318146,10.367825508117676,0.031956929713487625,0.4815691113471985,1.5618515014648438,0.2946678698062897,0.37342309951782227,0.027855457738041878,0.06238330900669098
46,0.017499879002571106,0.0067202989012002945,0.07555587589740753,1.6609692573547363,0.0045440541580319405,0.11652636528015137,0.13237716257572174,0.006626446731388569,0.07587573677301407,1.5523918867111206,0.015694275498390198,0.1179828867316246,0.1316230744123459,9.384191513061523,0.030644143000245094,0.510033905506134,1.505098581314087,0.01565064862370491,0.006327799987047911,0.07218530029058456,2.104905605316162,0.004637975711375475,0.12357734888792038,0.12927460670471191,0.006287259981036186,0.07311873137950897,1.9605505466461182,0.015988783910870552,0.1258508414030075,0.12704497575759888,10.362458229064941,0.03250814601778984,0.4820873439311981,1.5618259906768799,0.29581841826438904,0.3740696310997009,0.027607636526226997,0.06160203740000725
47,0.017492813989520073,0.006719275377690792,0.0754440575838089,1.6503143310546875,0.004534927196800709,0.11649452894926071,0.13244551420211792,0.006632009521126747,0.07555247098207474,1.5403873920440674,0.015668753534555435,0.11759964376688004,0.13145826756954193,9.367196083068848,0.030627304688096046,0.5131421089172363,1.5041747093200684,0.015662819147109985,0.006337764207273722,0.07204794138669968,2.1046900749206543,0.004661518149077892,0.12363997101783752,0.13006213307380676,0.006289160344749689,0.07311876863241196,1.9599801301956177,0.01600692607462406,0.12564577162265778,0.12731297314167023,10.362457275390625,0.031830426305532455,0.48044252395629883,1.562145709991455,0.2948437035083771,0.37274816632270813,0.026942996308207512,0.060313377529382706
48,0.017449235543608665,0.006714592222124338,0.07527443766593933,1.63673734664917,0.004525284748524427,0.11604686826467514,0.13205666840076447,0.006639944389462471,0.07556856423616409,1.5287786722183228,0.0156381968408823,0.11722467094659805,0.13108327984809875,9.353346824645996,0.030536452308297157,0.5109508037567139,1.5041040182113647,0.015618476085364819,0.0063799587078392506,0.07171989232301712,2.1004321575164795,0.004639086779206991,0.12309740483760834,0.1300000101327896,0.006282196845859289,0.07279810309410095,1.9555085897445679,0.01596507430076599,0.12535956501960754,0.12732726335525513,10.360623359680176,0.03190330043435097,0.48017212748527527,1.5616934299468994,0.30019211769104004,0.3777211010456085,0.02657054178416729,0.05960528925061226
49,0.01746060699224472,0.0067162346094846725,0.07512947171926498,1.6307833194732666,0.0045215291902422905,0.11592956632375717,0.13226258754730225,0.006631787400692701,0.07504959404468536,1.5205031633377075,0.015615132637321949,0.1171492412686348,0.13109569251537323,9.341176986694336,0.03057331033051014,0.5132977962493896,1.5033024549484253,0.01570342853665352,0.006364000961184502,0.07184860110282898,2.0994503498077393,0.004674298223108053,0.12315727025270462,0.13018377125263214,0.006255793385207653,0.07294100522994995,1.9658198356628418,0.0160111952573061,0.12540480494499207,0.12844307720661163,10.376893997192383,0.03219888359308243,0.47390833497047424,1.5641220808029175,0.2990593910217285,0.3767966032028198,0.02586599625647068,0.05834324657917023
0,0.47734108567237854,0.3085484504699707,0.14507421851158142,0.42546823620796204,5.685655117034912,0.09029317647218704,0.5062703490257263,0.5201999545097351,0.3085336685180664,0.16704140603542328,0.4371284246444702,5.6765618324279785,0.04884151369333267,0.5420874357223511,0.5330349802970886,16.086483001708984,0.056920554488897324,0.33600178360939026,1.7533663511276245,0.3839017152786255,0.09707237035036087,0.1249183714389801,0.35618340969085693,5.574947357177734,0.0583534874022007,0.39412492513656616,0.41884779930114746,0.09880080074071884,0.1253024935722351,0.36729687452316284,5.550098896026611,0.03015032224357128,0.40731683373451233,0.4346884787082672,14.766529083251953,0.041884664446115494,0.45361119508743286,1.586452603340149,0.2192290872335434,0.45071226358413696,0.24873855710029602,0.4586186707019806
